Model,Mean_AUROC,Std_AUROC,Is_Best
XGBoost,0.6521009239430322,0.06000487443377287,True
SVM,0.6465370295562443,0.06070860420426628,False
